NO2,CO,SO2,O3,PM2.5,PM10,Temperature,Humidity,AQI
78.04,3.784,40.73,124.36,173.74,163.52,34.4,13.5,253.88
190.39,10.884,38.55,145.44,242.6,194.64,20.2,26.8,380.19
147.74,17.472,136.13,52.58,229.25,343.27,41.2,84.8,417.52
121.74,14.671,38.93,116.23,50.4,142.6,33.4,79.0,268.86
35.42,16.151,42.25,107.2,49.03,349.16,19.7,41.6,290.18
35.42,13.21,114.39,151.58,84.11,44.37,43.9,43.9,276.63
16.33,13.876,68.56,164.03,111.52,312.95,30.6,58.0,325.19
173.9,16.999,116.95,12.07,125.49,340.54,17.2,10.0,381.93
122.22,5.068,11.67,124.58,205.51,80.91,33.8,31.7,244.4
143.07,9.84,74.16,18.81,21.72,177.84,22.6,28.7,235.71
9.01,4.502,6.97,103.31,15.23,74.54,39.1,32.5,109.75
194.13,19.755,11.27,58.9,120.61,285.58,39.5,82.5,333.77
167.33,18.887,136.15,62.15,210.66,218.79,44.4,35.2,416.33
46.41,0.885,22.61,70.0,62.06,257.78,30.1,27.2,173.14
40.46,14.141,80.8,115.62,194.24,86.63,28.6,55.4,301.5
40.76,18.512,62.84,66.79,81.65,92.58,37.6,87.9,234.14
64.33,3.693,53.41,134.56,266.4,26.18,19.0,31.7,260.6
107.33,11.402,135.18,78.77,269.23,135.61,31.4,17.1,361.65
89.23,18.318,5.23,21.62,92.7,228.3,31.4,42.1,246.08
61.79,0.776,100.24,143.24,72.85,344.59,17.7,77.3,285.67
124.31,13.979,144.58,58.58,126.33,270.1,27.5,59.6,359.3
32.2,6.017,84.9,83.57,75.96,179.8,40.6,83.5,216.96
61.97,18.495,140.65,126.53,203.35,381.72,40.7,96.4,432.51
76.44,19.424,9.73,66.52,248.69,290.51,18.0,81.3,329.05
93.93,18.891,63.98,19.62,203.56,372.76,17.7,64.3,355.04
158.11,9.537,40.5,73.57,248.18,215.76,22.9,54.4,326.73
43.94,17.255,110.16,170.56,122.11,110.97,41.2,13.6,342.63
105.28,16.907,147.23,119.09,51.11,30.6,18.9,98.6,313.94
120.52,6.45,39.97,124.15,222.7,293.17,36.6,44.5,330.67
14.06,16.595,98.82,117.49,111.34,57.31,18.0,23.7,271.98
123.47,0.836,31.32,43.83,203.02,128.08,33.7,70.0,201.8
38.25,11.966,85.67,81.12,84.84,217.66,25.7,35.6,264.29
17.69,4.677,70.66,137.66,28.96,230.12,38.7,62.7,216.3
190.03,2.499,145.86,27.23,297.81,244.23,22.0,62.8,368.5
193.3,1.631,92.06,57.23,51.08,74.84,34.2,50.1,221.94
162.64,13.956,53.73,56.97,296.58,158.1,22.1,85.3,345.32
64.4,6.864,18.89,83.44,293.3,250.71,36.4,33.8,285.17
24.05,14.523,24.38,176.66,239.18,388.23,41.2,50.4,369.03
138.43,1.401,35.35,21.48,199.53,293.78,18.8,58.4,246.66
90.83,6.374,39.14,98.18,175.45,369.82,41.0,69.7,298.12
28.8,10.836,127.89,40.49,260.5,307.26,32.8,80.6,335.44
101.56,15.835,85.06,175.02,90.38,240.77,18.8,45.5,366.01
11.71,6.443,79.46,29.26,142.97,84.89,27.8,68.1,179.32
182.32,12.555,18.99,78.61,187.72,270.01,19.8,23.6,336.33
55.46,17.731,129.3,135.44,126.3,253.12,36.0,93.9,367.56
134.19,12.356,108.98,129.77,131.11,244.96,37.8,44.5,368.67
65.78,4.736,12.01,81.86,102.43,201.02,18.2,75.7,190.61
106.41,0.586,106.76,68.91,171.45,216.18,30.2,11.8,270.51
111.61,17.415,82.44,77.59,255.92,140.43,39.4,28.5,364.45
41.05,0.523,14.1,54.93,64.45,212.53,43.1,53.8,131.71
194.07,17.507,69.83,44.91,280.66,87.05,30.4,89.0,350.36
156.15,10.626,73.74,92.12,208.28,324.02,43.5,57.5,368.46
188.2,18.787,26.53,55.65,247.87,82.45,31.1,93.7,316.95
179.49,15.996,141.96,58.87,169.08,43.14,26.8,53.5,349.85
121.59,19.959,127.8,121.65,234.96,180.14,40.4,54.1,429.22
184.77,7.079,101.02,174.65,9.78,266.74,29.8,20.8,339.6
22.26,15.367,70.42,112.62,246.42,180.71,29.2,82.2,312.87
43.22,8.098,62.94,23.09,16.84,117.93,29.7,32.2,150.36
13.82,9.65,98.34,22.85,267.52,227.69,40.4,91.0,279.02
68.44,12.587,82.72,171.74,297.63,145.33,40.0,92.0,371.53
80.79,17.486,11.22,60.54,91.75,373.82,27.1,94.9,286.84
57.91,19.683,77.85,25.65,67.04,369.83,25.0,56.8,312.55
166.6,15.389,121.35,111.84,230.78,205.93,29.8,70.9,420.07
74.57,8.414,69.97,116.02,79.64,137.87,32.2,80.1,249.3
59.78,8.485,9.69,120.25,260.34,297.48,22.2,21.8,309.1
110.83,14.778,118.37,55.46,35.34,24.32,38.8,64.1,236.09
32.48,4.852,31.8,12.57,42.16,195.16,29.6,13.1,137.34
161.43,2.298,40.28,174.05,293.85,141.17,25.0,54.8,333.67
19.54,7.157,26.38,52.65,203.78,369.01,18.2,23.9,262.43
197.44,5.816,50.87,124.92,254.83,14.68,22.2,26.5,308.41
155.59,5.997,114.0,130.13,100.68,225.6,43.5,42.9,331.77
43.75,4.749,78.87,113.7,204.56,298.86,24.2,48.9,308.16
6.08,0.938,32.32,63.19,180.3,199.16,20.1,66.1,179.91
164.01,0.456,131.92,56.09,182.93,43.31,28.8,16.7,271.04
142.84,19.756,132.18,111.6,206.35,389.26,24.2,55.3,475.64
147.16,8.613,130.85,157.24,174.73,212.02,16.1,26.4,393.28
155.4,7.748,37.34,170.94,131.57,249.53,24.7,61.7,332.76
19.44,13.625,68.78,28.0,86.4,102.28,31.3,67.4,195.7
74.9,4.443,147.78,36.32,231.73,198.56,31.6,60.1,307.52
27.59,19.004,116.26,170.61,71.75,177.37,25.7,76.4,335.78
173.31,15.748,6.02,135.21,209.24,39.21,28.4,40.2,311.32
126.54,1.879,11.65,160.11,73.83,51.4,44.0,78.9,188.85
69.53,8.41,70.66,44.45,189.47,336.61,26.3,48.9,297.82
17.39,17.594,136.56,109.89,225.39,103.53,22.7,53.6,353.67
65.64,18.9,81.73,129.19,69.52,86.03,22.3,68.3,292.85
68.41,9.401,75.68,125.62,22.68,206.92,28.7,11.7,253.48
147.27,12.307,17.61,79.39,43.64,309.81,37.8,68.9,274.48
129.32,3.424,99.2,12.62,183.77,34.16,21.2,65.7,223.49
178.01,19.824,123.67,109.1,255.59,234.96,36.3,37.9,450.41
97.08,4.71,58.3,53.03,18.27,56.49,15.6,17.7,165.18
28.32,18.86,116.79,86.54,221.57,24.22,27.6,18.2,309.89
144.08,13.028,144.74,172.79,105.69,30.57,38.3,93.1,345.17
153.35,12.194,32.16,77.84,146.17,335.32,25.2,72.0,322.23
114.45,10.303,79.45,152.77,279.01,56.01,31.9,21.4,347.71
155.34,4.69,44.5,42.05,102.93,27.61,21.1,42.1,192.45
101.29,3.613,119.34,124.32,142.27,180.78,37.3,63.3,290.73
106.93,4.488,87.48,176.09,9.04,339.16,16.6,85.2,311.98
88.37,3.81,95.92,27.32,29.07,112.34,40.6,13.9,171.6
9.96,15.614,120.09,11.41,81.28,174.47,20.9,31.3,249.92
26.04,7.067,60.6,83.71,13.22,25.57,41.2,90.1,135.71
11.13,1.251,137.43,25.75,191.26,185.14,25.6,10.8,233.62
129.1,19.385,80.89,137.23,130.79,235.27,36.7,28.1,384.28
66.3,17.687,25.38,165.47,166.7,232.65,24.6,96.3,337.64
104.17,18.562,104.99,83.78,56.52,139.65,42.2,65.2,307.24
181.98,19.899,119.4,53.98,92.3,133.06,18.8,33.6,356.01
53.61,3.561,48.88,83.85,200.83,51.58,20.4,16.0,210.28
85.02,7.985,128.86,132.99,289.76,153.05,29.8,12.5,369.3
152.33,15.189,136.11,11.54,19.87,48.8,17.5,32.0,265.77
49.62,13.951,42.98,110.21,267.66,308.97,20.9,89.3,349.72
20.01,3.163,147.56,114.26,175.18,386.85,43.3,47.4,334.05
61.5,16.335,22.83,118.41,171.36,388.33,44.3,74.8,330.51
36.44,4.566,31.9,51.14,152.58,347.38,26.3,92.6,229.53
186.29,4.554,29.27,131.39,25.47,244.31,42.7,46.7,261.5
162.58,10.786,134.31,25.54,31.51,283.34,31.3,27.2,308.85
128.51,11.9,98.84,43.88,182.27,121.23,23.1,56.5,294.34
174.93,11.644,24.51,159.17,105.58,256.0,36.1,91.7,334.9
161.72,1.921,67.17,135.58,275.59,187.7,34.8,82.4,332.67
41.38,17.561,93.06,12.34,124.94,197.99,44.7,15.9,268.12
179.05,5.385,14.35,52.22,47.27,305.53,23.0,72.3,234.3
110.17,2.677,132.6,46.45,215.84,119.95,35.2,61.5,271.15
162.45,17.786,120.93,56.04,91.54,134.04,16.6,91.7,339.75
179.74,19.117,76.77,52.09,160.01,370.61,18.4,21.0,407.81
67.01,17.256,145.13,20.63,210.86,31.93,15.1,58.1,305.45
26.46,16.209,63.83,88.02,270.58,199.4,45.0,89.2,319.14
49.45,13.139,147.65,134.56,238.7,365.99,39.1,46.9,420.94
88.29,11.062,100.85,113.14,204.53,248.04,38.6,53.4,354.68
164.51,1.831,95.93,124.39,205.49,223.1,30.3,16.3,342.8
172.84,8.228,26.56,23.8,284.05,107.4,24.0,35.0,274.82
6.36,7.517,132.53,171.75,92.27,143.88,19.5,39.2,287.73
104.6,5.269,65.27,152.54,5.33,342.3,23.5,95.1,271.53
86.4,14.496,26.01,146.87,85.23,228.1,26.3,35.4,290.37
48.31,9.968,3.87,149.91,69.28,210.75,37.7,51.5,225.05
28.37,1.713,84.84,168.56,200.24,48.84,31.2,70.4,244.75
70.83,4.482,80.06,102.52,191.94,16.25,17.3,24.6,236.73
188.87,13.697,108.46,44.05,180.07,385.84,15.5,53.8,402.55
68.02,1.615,133.76,114.85,9.79,157.02,18.1,76.5,230.15
106.16,17.039,13.75,136.29,219.99,245.25,27.3,88.0,349.93
142.09,9.953,110.26,135.45,100.44,41.09,43.0,66.4,295.5
75.91,9.664,29.74,98.65,201.19,276.41,34.1,70.2,283.04
194.5,11.889,129.01,21.64,169.19,373.7,39.1,21.4,391.07
192.68,16.511,123.22,73.09,106.11,234.51,29.0,95.1,370.68
54.1,7.021,82.04,166.53,44.7,59.18,25.8,21.9,239.7
101.96,13.593,107.12,109.36,32.85,236.87,18.3,79.7,316.31
63.67,11.358,48.52,101.52,250.3,308.88,41.3,33.8,329.32
60.54,5.414,71.73,55.71,275.93,168.5,38.5,94.0,258.79
12.19,17.585,123.6,72.64,196.69,353.14,20.0,74.8,369.43
123.87,15.969,69.97,162.21,35.51,262.99,30.4,77.8,331.95
103.02,13.203,54.95,123.3,123.6,360.71,29.6,29.7,349.82
15.04,17.027,75.14,143.86,220.04,253.17,33.8,49.9,354.59
59.34,17.359,124.58,87.24,235.05,61.2,43.4,65.6,334.51
182.11,14.196,51.61,117.14,39.87,130.78,32.4,79.3,285.55
51.71,16.757,27.72,52.23,5.01,88.7,31.2,19.4,182.8
33.25,13.98,107.38,129.93,215.08,364.44,16.5,96.6,382.45
100.44,13.635,124.24,82.69,110.2,306.56,16.9,90.1,348.73
197.2,12.41,16.89,85.23,80.07,273.8,20.6,34.3,302.5
52.2,15.079,37.5,120.38,8.8,127.38,16.0,84.0,230.8
136.07,3.256,23.01,169.17,164.39,81.78,37.3,56.6,251.3
153.52,17.629,53.5,20.88,256.09,305.02,36.7,51.6,365.71
51.34,17.45,68.65,150.21,287.5,194.92,19.1,38.3,384.5
147.0,0.682,112.83,59.71,171.89,98.06,40.1,62.3,247.17
76.72,16.534,98.37,85.47,156.77,250.48,19.6,75.7,343.95
128.3,2.665,93.9,13.73,30.09,25.73,24.0,47.0,163.49
128.54,6.769,54.15,61.18,166.92,137.21,22.5,66.6,247.79
109.48,14.896,126.53,95.45,117.09,192.74,26.2,72.9,346.33
22.61,3.299,71.75,19.55,184.1,67.7,22.6,74.0,165.49
167.88,16.378,146.91,93.49,119.67,394.02,29.7,14.7,440.5
67.55,16.659,95.85,167.61,75.89,91.55,27.2,87.4,312.65
41.37,10.199,20.69,27.92,33.01,60.84,44.6,51.2,123.7
12.95,0.227,102.07,139.95,97.9,89.38,16.7,33.6,211.5
120.22,5.812,50.12,79.64,33.51,309.93,19.3,31.8,253.08
137.13,12.377,103.58,121.38,57.18,175.95,16.6,53.5,322.13
8.23,19.626,12.31,54.24,296.26,230.51,33.8,89.8,287.98
104.86,12.673,27.88,37.11,136.01,18.19,16.6,44.1,200.66
49.17,5.27,128.65,37.28,161.9,23.43,40.1,77.5,212.06
130.81,12.717,35.62,21.98,262.72,183.87,30.4,18.7,302.03
39.0,10.846,125.88,41.56,298.69,328.5,30.8,52.8,357.43
139.73,15.619,43.33,122.92,176.9,355.24,31.8,99.3,376.13
80.41,2.229,97.15,159.89,244.68,43.82,20.1,79.3,289.38
187.66,15.244,104.73,148.4,101.45,219.96,20.9,28.9,400.79
31.82,10.871,77.87,126.47,95.19,366.16,24.6,55.1,305.97
71.51,19.264,47.19,28.77,123.8,161.31,32.8,31.0,259.01
27.13,6.903,33.47,59.16,203.39,333.53,21.3,46.9,259.38
185.32,12.689,6.91,62.67,206.25,62.14,18.5,80.2,274.23
176.08,18.647,46.98,52.49,98.0,374.8,44.1,79.4,360.93
55.3,2.14,98.67,97.55,44.3,303.06,15.7,30.5,250.52
133.7,18.751,140.87,101.04,191.56,377.12,39.1,93.0,443.2
164.36,13.789,130.94,70.67,42.86,273.88,38.6,63.3,344.77
113.26,1.45,115.38,70.14,175.66,151.73,23.9,44.2,276.01
108.28,6.089,118.69,150.85,209.56,375.89,19.1,55.2,402.54
52.16,14.193,100.42,144.18,211.68,117.47,19.4,64.5,335.94
23.16,1.44,40.52,62.33,227.27,139.55,35.9,60.4,194.81
179.96,11.685,136.26,165.34,262.49,283.32,34.3,53.8,470.41
180.58,6.983,101.27,171.98,152.49,308.47,38.5,55.4,389.91
128.45,12.456,84.95,65.55,220.42,372.47,43.1,25.9,377.83
71.11,1.01,18.43,70.25,187.66,89.87,35.8,83.1,175.09
73.1,17.444,68.16,95.96,60.06,321.22,19.7,58.8,325.86
146.56,19.472,70.13,169.99,12.58,298.03,22.3,21.8,381.07
179.94,19.381,129.96,158.97,88.94,34.88,40.3,79.0,373.19
177.98,15.018,82.9,27.44,135.69,161.02,21.3,93.9,313.68
157.08,2.689,58.3,76.76,187.05,120.28,17.2,95.3,251.03
130.2,15.189,146.57,104.07,255.74,128.75,36.1,43.2,401.67
21.41,0.589,18.39,95.53,62.89,393.35,27.1,22.2,198.69
36.52,0.54,64.54,42.96,42.04,260.68,42.6,56.7,168.31
180.22,6.54,8.22,156.0,289.23,289.89,34.5,20.1,370.27
123.25,9.824,111.51,125.08,36.87,390.88,17.7,94.1,357.48
6.79,15.431,137.88,152.44,146.15,157.11,43.4,26.5,340.22
24.79,13.698,43.45,155.99,177.74,322.72,22.8,32.7,333.13
134.38,8.973,129.03,137.22,164.71,179.47,25.1,46.6,367.55
5.99,5.545,45.25,84.67,30.38,349.12,27.1,44.5,215.97
36.36,19.943,136.79,113.79,21.82,80.46,16.5,81.5,299.52
112.0,8.581,113.59,37.26,36.12,379.6,29.9,51.1,293.01
139.92,9.083,121.13,124.52,177.75,95.32,18.7,25.4,339.76
132.13,3.356,4.66,40.47,165.58,137.23,27.0,34.0,197.66
48.73,15.917,144.5,127.97,73.95,304.91,25.5,55.8,363.17
143.87,13.904,109.55,49.03,193.14,163.56,38.2,23.3,344.43
51.26,4.493,47.1,29.98,246.92,247.2,39.1,65.0,238.4
68.45,1.739,124.75,38.1,17.27,183.38,19.6,60.9,187.4
150.57,13.642,43.67,10.34,151.95,299.52,26.0,74.3,299.2
131.68,13.125,131.17,132.19,208.35,99.05,26.2,94.4,368.21
170.6,5.538,18.66,134.51,79.43,32.8,19.5,92.1,221.36
133.23,19.022,106.15,97.54,95.79,126.97,39.0,95.1,330.42
115.82,3.106,82.02,37.43,186.02,194.98,36.2,32.0,257.48
23.27,8.703,16.29,24.2,269.89,75.53,20.7,21.8,204.74
76.7,18.878,37.8,13.25,243.93,148.37,26.0,37.2,288.75
56.71,8.453,3.84,38.18,177.02,165.99,18.2,90.6,196.4
52.58,12.807,71.38,161.45,220.42,32.38,33.8,97.5,296.67
194.74,8.012,46.59,51.06,112.62,237.49,18.6,87.3,282.91
81.65,5.557,90.56,70.23,194.08,354.89,44.6,19.9,311.87
178.95,19.681,45.99,27.91,142.52,69.18,38.4,95.3,285.45
128.07,8.246,46.39,47.8,61.03,243.15,26.7,48.1,241.75
159.99,17.893,111.99,98.27,212.01,269.25,32.4,10.8,432.52
103.01,4.676,9.13,113.32,169.16,173.54,42.3,49.8,239.38
117.5,4.341,135.63,51.71,110.79,283.43,31.6,14.1,299.39
101.04,0.72,128.14,19.81,273.85,170.19,20.2,58.9,285.18
43.07,13.068,100.84,76.48,11.18,206.81,26.4,40.5,248.33
145.88,7.434,89.8,49.81,98.15,12.87,40.3,52.6,224.01
59.75,17.301,134.06,47.32,21.78,279.77,34.3,65.2,301.03
9.74,9.517,29.43,173.18,231.13,267.92,34.5,88.2,301.24
130.87,19.367,13.69,114.77,212.12,24.98,41.0,69.6,299.75
39.54,3.792,37.45,104.67,102.75,153.62,41.8,49.1,179.29
188.39,17.386,119.6,80.68,204.32,391.82,42.6,83.7,442.0
191.02,15.554,7.13,82.92,121.8,174.09,17.8,91.5,296.61
183.4,15.441,88.26,101.95,228.09,205.76,31.3,20.8,400.05
77.18,16.911,149.32,128.39,138.98,364.87,37.2,57.9,417.11
8.01,15.244,128.64,129.36,126.62,289.73,37.7,35.6,341.83
186.02,12.562,79.17,39.19,280.75,237.01,33.2,14.2,371.47
88.5,2.712,11.42,95.02,79.01,321.14,20.0,70.2,224.58
193.5,0.747,125.04,80.03,40.53,347.1,38.9,87.6,308.41
192.91,18.425,90.65,157.99,177.44,188.19,36.6,24.7,424.61
171.34,12.371,19.01,117.34,290.95,195.29,17.6,83.1,365.05
62.42,15.951,15.89,100.53,116.46,160.56,28.9,86.8,253.2
80.09,9.682,136.62,29.62,23.3,387.02,20.2,92.3,292.55
170.97,2.434,101.04,112.96,105.1,281.89,25.1,33.9,320.66
66.8,2.591,124.73,29.92,154.25,42.46,15.5,91.4,200.82
38.05,13.743,132.09,67.33,52.77,346.55,27.0,38.9,316.7
113.58,8.663,86.62,34.28,199.14,197.42,31.5,59.7,290.63
187.55,4.09,78.58,127.65,299.34,36.81,33.6,14.5,335.61
140.73,9.883,65.7,45.06,138.26,224.39,34.9,13.9,291.41
116.16,1.378,48.91,76.62,109.64,172.69,40.1,74.8,206.83
23.95,11.681,66.32,162.26,123.21,352.32,21.5,50.0,338.33
124.93,5.453,116.53,44.73,38.97,89.56,18.6,33.1,224.61
198.06,15.971,91.08,96.33,265.57,332.32,40.5,27.1,453.75
32.32,6.276,134.09,81.28,127.37,227.5,19.7,70.3,279.94
106.07,9.159,67.62,13.08,119.25,31.3,44.2,10.0,198.46
176.09,0.331,91.85,144.77,199.61,389.02,40.3,82.5,377.83
149.45,1.542,95.43,21.74,135.4,209.92,30.0,17.1,250.62
140.92,7.911,89.57,90.62,196.23,123.44,44.4,27.2,304.19
141.98,9.651,105.99,105.32,23.13,193.07,17.9,44.8,302.0
75.1,12.04,37.14,116.83,245.05,344.56,24.1,53.6,352.02
62.25,5.904,77.83,127.07,282.45,128.91,34.1,41.9,298.17
162.83,13.93,17.43,53.06,196.39,85.14,25.5,38.9,282.85
162.97,17.216,58.91,11.7,286.6,60.34,42.9,96.8,306.41
174.08,15.619,74.17,132.99,49.67,126.17,17.0,67.7,324.78
183.08,0.888,98.53,101.06,145.84,314.22,31.5,12.1,337.92
104.71,9.662,142.68,152.14,182.53,193.93,32.7,48.7,373.31
102.8,2.188,90.9,149.64,176.61,98.72,34.6,88.8,269.51
160.67,4.917,112.05,153.37,123.43,74.81,22.7,37.1,312.83
131.74,19.735,76.93,92.47,104.73,139.76,25.9,18.5,325.08
141.88,2.936,95.85,66.72,42.41,376.57,40.3,78.3,277.93
160.18,10.028,12.5,144.56,120.56,143.78,20.8,64.5,285.7
178.55,12.401,39.65,86.72,52.98,395.37,39.8,61.3,325.57
70.91,14.079,55.55,41.19,221.64,199.24,31.9,14.8,285.66
78.24,11.237,71.93,155.35,66.61,79.87,37.9,22.6,270.07
23.33,0.294,8.76,160.04,22.28,357.54,36.4,66.0,200.18
117.76,6.597,22.72,89.27,167.95,189.54,21.2,28.7,265.04
12.01,10.402,42.97,22.87,180.59,286.77,32.1,55.4,234.91
95.79,1.849,145.79,75.93,262.21,393.65,41.0,59.0,365.97
110.82,7.077,51.04,146.6,175.21,29.57,28.0,35.5,265.75
60.88,0.761,73.34,163.3,106.92,47.71,44.0,95.4,204.16
120.21,1.664,31.02,44.59,241.89,290.98,28.6,85.8,255.64
10.95,7.999,92.4,21.39,164.38,119.91,19.3,75.0,214.72
12.28,2.741,43.54,159.15,28.39,81.88,26.7,17.0,167.45
165.41,11.394,32.63,76.2,171.93,25.35,43.6,19.6,249.18
75.24,13.82,78.45,102.1,272.87,18.52,24.6,54.4,312.79
29.78,16.032,2.81,174.57,121.91,312.05,41.0,24.5,307.12
106.84,4.083,3.13,21.32,92.42,62.43,41.4,98.0,122.93
155.15,3.433,34.42,120.21,47.32,192.41,25.5,24.3,234.31
47.09,2.181,7.43,22.6,49.68,246.3,17.5,53.9,145.35
126.46,12.765,17.99,73.83,132.67,177.06,36.7,42.8,256.49
21.64,14.159,52.15,146.65,180.73,20.57,24.3,67.5,261.5
15.08,0.729,120.78,83.69,28.78,315.57,38.5,21.6,229.4
108.61,18.731,86.66,179.52,282.17,14.1,28.3,48.7,392.8
110.42,1.134,77.87,105.04,227.76,307.14,29.6,34.7,317.0
129.3,10.872,45.44,64.6,178.05,358.39,38.3,89.9,314.32
146.59,14.21,139.9,47.42,249.39,178.81,26.5,13.7,382.67
195.29,17.432,60.76,69.59,28.66,218.86,28.3,92.2,312.67
105.68,14.31,14.89,73.33,145.67,196.02,26.3,85.0,263.7
67.98,16.054,93.33,21.68,190.88,161.79,26.0,36.8,295.31
160.06,6.855,18.85,72.83,249.45,356.1,30.8,81.0,330.7
57.81,16.315,53.09,88.92,236.12,358.63,39.3,12.8,366.14
90.6,1.694,77.1,132.87,86.74,140.97,25.9,97.0,226.76
20.3,17.907,131.38,121.64,282.56,249.88,30.7,57.4,415.4
9.94,10.997,75.04,130.49,41.68,371.49,35.1,37.3,290.68
192.72,16.364,105.93,11.42,263.16,385.2,23.1,42.6,431.09
168.02,9.101,148.94,47.0,291.43,208.49,23.3,16.0,401.36
140.71,12.907,21.46,122.49,57.26,186.6,43.0,99.0,273.79
84.75,10.575,42.66,92.28,218.01,118.69,36.7,13.5,268.99
38.79,14.659,60.4,10.9,16.88,383.96,32.3,68.9,240.72
35.51,1.724,64.43,146.76,124.6,65.7,34.4,49.8,194.06
53.8,1.301,62.83,141.38,157.3,236.13,15.9,95.4,261.28
112.1,5.017,136.33,103.23,176.29,120.19,33.5,32.1,309.51
144.35,3.275,107.68,21.3,281.1,118.81,30.3,57.9,286.83
133.74,17.448,91.97,140.31,203.31,167.94,31.4,53.4,386.93
59.59,4.462,47.79,109.23,146.98,399.53,25.8,73.3,281.37
191.2,19.52,123.92,142.93,243.85,31.44,17.4,16.1,434.41
148.89,6.804,143.35,137.8,285.41,235.63,20.8,27.4,429.74
113.1,3.724,123.54,146.51,11.51,42.2,43.5,29.3,235.81
124.29,15.815,2.23,98.06,294.84,70.26,27.3,76.4,307.15
86.82,13.208,96.19,33.86,30.41,181.43,29.0,27.0,241.12
53.31,10.014,9.57,124.1,245.24,209.08,16.6,61.6,289.47
74.41,11.152,40.13,115.48,87.7,110.93,16.1,29.4,241.67
152.78,14.412,10.81,136.18,43.99,133.42,36.5,87.5,259.62
7.81,4.646,91.36,38.88,134.76,43.92,31.1,94.8,161.04
27.63,19.927,103.62,43.15,194.97,128.26,30.3,56.7,302.2
13.97,19.498,18.94,161.37,117.38,386.96,22.3,41.7,346.63
12.94,13.041,58.81,137.5,21.1,378.44,37.3,31.1,281.95
171.81,4.071,69.52,164.4,181.84,140.6,20.0,14.5,328.65
142.21,13.637,56.62,138.98,271.21,232.63,20.7,34.2,395.39
97.46,1.537,19.91,111.52,118.05,364.74,28.8,68.9,251.15
24.08,0.71,64.0,121.2,68.82,12.41,23.6,58.0,158.75
100.87,5.228,113.17,161.15,135.56,326.17,22.4,95.0,350.82
97.33,9.306,12.51,108.4,19.27,379.86,34.4,45.7,256.78
38.77,17.379,13.87,117.51,247.04,45.62,34.5,72.4,266.57
89.6,14.571,54.51,36.6,248.77,72.96,39.7,54.0,277.28
82.71,14.88,141.38,90.57,178.46,384.69,27.5,56.1,410.6
125.09,8.567,100.95,131.79,109.17,219.64,17.2,34.1,327.35
128.84,6.984,102.44,56.06,240.94,15.54,23.2,50.9,281.46
13.83,7.484,55.56,44.38,168.63,110.48,44.4,52.4,189.69
78.05,19.754,89.86,63.35,248.65,185.48,32.9,73.6,356.08
127.04,0.898,3.5,51.06,191.28,280.23,36.3,94.7,221.01
103.11,17.354,96.14,46.54,236.4,295.93,15.2,39.6,378.85
172.02,11.616,137.17,82.22,181.58,398.21,30.5,13.8,431.48
133.45,8.828,92.66,164.33,127.17,122.13,16.1,54.7,324.73
36.77,14.533,131.31,96.2,287.59,219.91,32.1,59.0,384.66
18.76,9.785,109.15,41.95,164.63,218.0,42.6,25.2,258.51
130.27,17.481,19.84,23.09,183.5,168.2,44.1,78.4,277.45
10.17,18.024,135.56,128.35,70.04,75.97,31.2,98.6,289.89
119.23,8.492,11.83,75.08,189.57,391.21,28.7,95.1,305.19
188.34,5.609,81.03,149.71,173.62,342.79,43.4,27.7,386.69
117.22,11.888,23.04,122.12,59.53,204.35,35.2,88.8,256.54
80.69,18.256,3.73,145.36,22.58,245.27,16.9,73.4,284.24
130.44,4.292,64.46,56.23,183.29,98.63,29.0,50.8,229.39
94.36,12.497,45.67,127.7,230.29,222.08,22.2,58.7,335.33
111.4,12.668,73.93,54.89,159.4,281.04,29.1,86.5,309.75
188.59,14.689,87.43,169.64,71.9,210.92,28.7,53.2,373.28
80.29,2.718,8.47,118.18,201.62,396.21,32.5,43.6,286.63
192.43,14.345,20.2,65.17,28.63,248.42,25.7,54.4,281.3
181.54,18.19,84.68,55.82,135.34,154.68,19.9,62.1,346.18
43.18,3.676,52.79,42.46,53.19,311.14,30.1,27.0,199.34
18.53,4.827,109.92,128.09,59.42,76.48,39.9,91.1,203.45
24.65,19.431,98.54,47.18,64.68,159.96,34.9,70.7,261.93
8.55,3.701,127.15,111.2,119.08,145.31,25.2,67.0,243.55
23.42,17.102,104.49,54.99,20.09,178.4,43.1,19.0,251.84
138.19,9.896,65.63,122.53,122.35,314.89,42.4,64.4,336.38
18.88,5.02,101.6,148.54,155.95,198.83,21.3,20.9,288.36
67.2,17.428,42.76,142.26,147.57,319.67,16.2,17.1,356.4
169.75,8.962,47.33,139.34,117.92,234.83,37.2,57.5,317.04
9.54,10.345,118.77,41.91,252.55,143.41,39.8,46.3,275.83
163.82,7.249,68.07,25.03,47.87,325.89,44.0,63.0,259.76
59.96,11.9,120.16,128.82,154.18,102.93,41.7,18.0,311.49
28.04,3.354,123.72,72.62,23.3,97.51,33.0,48.8,186.21
140.86,7.883,128.92,83.5,25.99,206.76,30.9,25.7,292.71
127.64,19.391,137.66,15.3,174.29,111.73,15.8,98.8,339.77
176.11,5.237,65.79,54.13,171.98,13.54,22.4,60.5,240.52
148.34,13.169,49.19,15.72,264.02,262.84,28.8,71.9,326.12
161.68,6.571,88.17,159.46,169.57,209.33,33.9,39.3,349.98
60.0,15.492,56.93,51.38,288.14,183.75,31.7,18.5,311.28
39.6,2.704,90.96,104.75,19.36,387.12,37.3,97.8,242.48
151.37,19.399,106.43,16.63,33.91,232.77,23.4,35.8,319.91
162.33,9.13,103.88,123.36,18.0,346.74,31.9,48.1,339.32
198.15,4.797,57.43,64.91,59.66,64.39,17.6,68.5,222.21
85.46,1.563,26.7,162.65,164.67,231.99,27.4,12.2,270.84
77.54,3.478,65.72,160.98,195.44,348.51,37.5,82.9,329.83
156.4,10.444,23.1,65.3,18.45,237.41,35.8,58.3,232.9
71.46,6.806,133.73,163.16,284.06,290.03,44.7,35.0,406.75
186.5,16.595,53.19,179.35,253.44,155.1,23.3,15.5,427.05
172.39,8.675,24.86,150.32,92.5,46.06,29.9,24.6,256.3
88.65,5.049,5.77,153.63,27.77,188.58,24.9,90.6,203.35
151.42,12.381,97.58,52.33,55.12,163.85,28.2,71.7,284.68
152.14,14.165,96.26,108.04,42.45,348.15,40.7,32.5,357.18
25.11,3.424,52.41,21.43,41.37,105.16,35.5,15.9,113.83
181.0,3.436,12.61,26.14,157.98,387.03,41.5,72.2,261.31
103.52,0.83,62.63,179.81,77.52,383.67,21.1,61.5,308.91
166.16,14.754,48.06,65.53,110.65,106.58,41.2,46.4,271.31
67.41,13.31,102.21,137.19,296.9,145.74,16.8,42.7,375.99
179.63,9.545,91.66,147.13,206.87,359.27,41.7,29.5,420.48
80.89,16.899,55.96,155.86,284.95,386.98,24.9,70.3,438.35
7.11,16.133,34.25,179.6,47.05,182.94,24.4,97.4,262.22
181.55,11.749,148.23,51.05,117.73,135.19,30.4,25.8,342.18
22.8,17.379,69.19,16.86,168.65,215.18,43.2,63.7,268.03
67.27,4.196,103.86,79.9,27.64,278.23,16.4,48.2,253.09
190.26,2.327,22.8,32.11,6.24,116.66,25.6,50.2,165.05
190.37,5.468,73.87,13.81,202.78,297.22,40.7,32.9,301.92
116.82,1.236,6.08,71.27,194.34,30.15,26.9,84.3,176.05
128.21,10.67,76.81,143.24,126.18,29.22,21.0,53.7,292.59
92.45,18.738,144.67,106.25,149.45,160.65,27.7,58.9,375.29
62.18,0.883,58.86,63.17,127.56,147.85,26.6,37.4,197.55
69.09,2.53,7.77,121.24,12.08,133.1,42.5,26.4,155.85
136.14,9.099,6.58,49.44,103.93,201.5,37.9,17.7,228.94
151.71,18.684,59.42,12.44,57.24,135.09,30.2,74.3,264.69
159.36,6.392,25.68,139.94,34.04,84.98,44.7,27.7,225.64
158.98,10.194,5.46,116.04,287.23,130.69,29.0,72.1,305.21
22.79,0.927,113.92,139.59,181.81,390.21,16.7,45.1,326.21
101.41,3.052,69.86,16.62,219.95,170.33,22.9,47.4,242.8
16.22,19.734,44.81,152.31,98.03,183.44,28.1,52.2,295.31
112.16,19.306,135.21,115.32,120.98,234.85,19.7,43.1,397.7
91.1,0.198,19.19,105.78,74.89,393.5,43.4,19.1,231.61
178.1,19.041,143.48,116.18,33.6,104.22,38.0,37.9,370.11
73.43,12.818,48.47,156.95,57.81,275.7,23.0,69.7,308.74
27.83,17.372,133.48,109.78,240.27,289.23,32.7,69.9,392.74
32.88,9.149,91.24,108.76,204.88,246.86,36.6,35.8,310.67
153.49,10.36,124.35,178.42,166.34,44.55,43.2,51.4,352.01
125.55,9.828,147.63,138.64,145.15,273.98,41.4,27.4,390.84
24.72,13.371,44.68,85.19,277.12,35.0,30.5,28.9,262.78
21.4,2.879,144.25,130.26,26.46,242.5,38.2,12.1,262.35
141.69,0.696,59.64,76.17,87.78,298.44,31.9,90.7,248.37
19.19,6.228,59.06,48.91,108.23,92.28,31.6,29.0,182.96
165.26,14.123,52.38,111.46,235.82,338.23,18.4,30.5,402.81
142.72,4.117,82.13,167.79,297.79,21.84,18.8,35.2,328.37
20.86,13.501,24.81,167.95,76.0,339.09,30.9,21.5,296.76
21.54,19.401,83.95,68.12,262.92,189.53,23.1,67.5,331.81
197.39,1.969,82.17,99.71,250.03,94.86,15.6,16.8,312.51
77.98,13.485,114.76,45.98,71.27,62.17,36.7,22.1,240.48
77.28,8.931,125.38,179.26,122.8,381.79,16.0,68.0,390.41
163.5,17.376,67.19,176.79,125.85,38.34,32.9,40.6,343.08
189.71,3.625,46.75,120.42,293.58,87.65,31.2,73.7,315.67
197.27,13.883,40.38,146.75,58.36,145.65,44.1,60.2,308.34
151.91,16.778,30.8,131.57,240.75,251.89,29.5,33.0,386.59
78.37,18.898,10.53,110.84,103.59,222.47,16.9,68.6,295.38
21.28,13.697,52.68,19.07,220.61,59.0,31.6,20.5,217.45
156.54,9.994,42.0,87.31,128.9,122.99,40.2,58.3,263.53
113.89,12.395,145.03,124.71,175.62,103.11,44.9,49.3,353.31
87.72,17.391,84.54,125.18,250.62,93.28,27.9,34.1,350.32
181.74,11.455,53.4,73.43,242.23,170.35,24.6,64.4,327.24
26.68,0.705,87.91,170.09,260.59,284.57,42.2,88.4,316.11
101.06,18.626,22.6,38.45,22.59,94.81,20.7,99.9,209.9
7.21,13.822,67.72,95.06,209.15,153.0,33.5,64.7,285.56
96.39,13.563,94.68,127.45,46.3,162.46,27.2,46.4,298.85
15.98,4.392,74.36,128.51,127.67,390.82,16.2,30.3,299.46
28.17,13.212,61.46,120.27,166.83,382.32,25.4,33.1,339.98
27.92,7.938,149.09,56.8,123.81,322.05,23.0,53.2,307.89
131.6,13.06,132.29,36.56,158.29,104.25,35.6,43.1,315.41
150.48,2.221,94.26,118.11,298.98,36.53,43.5,92.2,293.35
118.76,13.191,86.27,111.88,44.89,133.59,23.0,43.1,288.34
192.62,19.988,93.86,40.49,204.26,114.05,39.3,43.6,371.79
78.1,1.059,31.79,129.87,121.82,207.31,16.7,44.5,231.19
60.71,19.546,60.48,87.38,44.24,313.31,31.1,85.3,310.3
174.38,8.197,7.84,123.52,51.83,344.75,17.1,68.6,293.69
48.6,17.428,72.38,152.35,285.04,339.5,43.0,65.3,412.7
192.83,15.669,82.37,38.85,264.48,150.27,38.0,40.1,363.78
7.37,11.384,35.71,13.25,272.58,278.02,34.7,83.6,245.5
194.13,14.795,144.68,142.45,297.5,132.01,39.7,13.5,454.43
13.42,17.582,136.6,113.65,66.45,33.75,34.4,88.4,266.59
178.77,8.142,108.88,128.94,109.85,283.61,44.1,56.1,363.21
107.9,6.608,80.94,152.49,202.42,13.83,36.4,45.8,287.54
198.63,13.385,130.76,146.48,147.72,169.58,42.7,54.7,402.88
19.39,16.176,21.34,173.36,128.42,138.46,30.5,70.1,277.52
113.0,15.269,119.0,101.11,110.55,280.42,18.5,11.1,372.38
194.01,15.976,20.47,93.04,180.17,308.84,30.8,88.4,368.0
107.0,8.768,119.54,78.32,174.8,128.6,18.8,50.2,306.46
127.73,16.375,42.81,36.13,52.63,326.53,32.8,40.9,289.3
140.67,2.492,131.81,107.34,144.16,124.63,29.5,22.4,298.2
93.64,10.935,141.72,57.09,168.27,184.07,33.7,49.6,324.46
127.37,0.215,24.02,166.62,173.23,293.54,15.3,54.7,296.34
118.94,6.559,70.48,109.14,66.98,280.24,20.8,46.3,290.7
180.73,7.393,147.19,110.78,223.97,395.07,29.7,71.1,436.54
13.86,7.984,73.54,70.34,12.43,97.81,43.5,47.9,156.74
59.79,13.94,129.81,18.84,109.68,268.3,26.5,96.5,298.07
190.33,7.832,89.13,15.4,235.16,247.78,27.7,63.9,331.22
178.6,9.029,57.55,81.97,171.35,366.89,36.4,82.7,348.14
93.85,4.827,44.3,24.38,82.04,70.98,33.1,19.8,163.76
125.93,7.528,32.08,113.16,210.01,303.2,24.0,45.8,322.54
59.09,4.623,114.75,159.77,172.38,231.62,27.3,40.3,325.77
41.68,1.557,59.21,160.1,239.89,117.12,21.5,61.3,268.75
95.42,12.109,77.67,122.04,221.83,195.03,44.0,87.5,340.31
73.9,13.397,74.86,45.91,184.98,140.17,18.9,17.1,287.5
118.81,12.428,87.44,156.71,149.01,235.93,26.2,16.5,366.79
20.16,9.324,130.11,160.64,44.29,356.71,15.8,86.5,336.61
195.01,7.658,147.15,43.43,82.09,232.03,21.7,29.2,329.65
197.31,17.28,62.32,135.36,128.63,256.37,38.4,70.2,383.76
141.14,10.43,124.47,58.71,181.79,212.31,21.0,58.9,334.49
109.54,9.636,115.15,146.45,156.54,29.95,17.4,85.0,316.07
65.36,0.61,86.88,179.53,90.01,100.81,29.2,21.3,239.23
163.69,6.891,143.49,15.1,6.91,201.88,15.3,21.7,269.89
138.52,7.666,31.67,162.55,151.39,130.99,17.5,60.1,289.84
36.71,8.037,18.17,115.85,89.26,80.89,39.2,95.2,179.93
182.63,11.645,128.39,175.48,221.71,206.61,38.1,47.3,433.93
165.39,10.719,66.99,89.05,12.06,135.9,42.5,39.4,248.57
190.21,12.197,127.35,154.06,177.52,110.66,40.6,64.6,390.47
146.52,15.321,134.18,20.61,282.73,190.95,35.5,93.7,371.87
124.62,16.278,11.24,67.0,56.45,61.98,16.6,85.3,215.74
86.56,14.391,132.75,21.39,144.14,371.82,38.5,99.6,336.47
186.88,19.115,68.35,175.81,31.97,348.4,40.4,12.0,406.46
173.88,0.463,77.54,148.89,189.58,285.97,39.0,20.2,343.05
13.82,3.996,94.74,154.93,167.41,51.42,30.3,64.9,231.63
10.14,0.251,139.1,169.45,125.17,312.59,22.0,83.9,300.37
78.41,12.985,4.83,24.47,158.81,325.1,40.4,35.7,255.02
163.06,17.971,72.57,75.55,269.49,309.43,36.8,31.5,415.52
197.52,4.945,103.78,22.08,62.91,54.45,44.4,80.8,227.6
34.33,18.548,108.96,45.83,11.66,261.12,19.7,15.1,291.48
120.86,1.299,104.49,48.99,259.19,335.39,21.8,43.2,326.84
79.27,18.695,21.9,89.75,175.25,235.17,21.4,55.5,316.82
194.13,7.097,46.31,55.66,267.74,262.1,38.8,60.4,336.94
169.21,2.118,55.09,27.17,181.1,188.76,20.6,75.6,244.85
168.47,9.769,121.06,38.47,244.0,216.2,17.0,41.9,358.48
96.4,5.21,43.26,35.04,131.75,23.41,45.0,65.1,163.98
85.89,5.769,33.18,175.42,226.21,259.2,15.7,62.7,326.09
58.31,6.215,143.7,139.08,274.35,41.76,40.1,59.3,320.57
15.99,16.08,3.31,174.52,173.78,179.66,26.0,67.6,290.58
173.62,10.829,149.68,84.76,58.33,124.14,40.2,33.4,318.15
163.52,6.295,102.17,57.32,84.3,222.72,31.6,17.6,284.0
199.94,12.246,124.61,145.71,63.6,62.03,42.0,20.7,341.35
199.34,14.351,45.6,65.46,77.82,279.74,42.8,30.2,321.18
113.31,5.525,4.12,60.9,95.39,320.05,15.3,55.0,229.37
154.95,8.33,111.2,49.53,168.76,73.71,17.3,85.6,289.54
189.23,2.526,125.45,32.05,178.46,50.68,22.5,73.1,261.17
170.68,3.705,111.59,53.6,130.82,66.75,35.1,81.0,249.37
53.23,13.654,23.14,70.4,186.55,352.08,41.6,41.6,296.26
92.86,3.711,113.51,124.58,29.06,215.99,28.8,46.4,262.38
30.19,10.551,115.8,20.64,30.9,192.23,33.2,45.4,213.52
191.04,14.21,99.46,45.79,55.69,51.62,20.7,27.3,290.03
123.2,2.227,115.39,147.53,157.83,263.33,39.1,15.5,333.81
49.59,11.39,127.2,34.98,68.13,348.52,44.0,63.2,298.22
135.98,5.206,92.81,68.25,88.57,332.99,23.1,99.0,296.74
125.54,19.262,15.11,156.99,123.09,254.16,29.8,25.0,354.06
74.84,9.723,74.17,36.34,244.5,39.36,17.6,14.2,255.28
27.14,16.139,13.49,24.07,9.09,53.83,31.8,80.2,145.46
135.96,11.05,62.32,92.37,196.57,29.23,30.1,32.7,277.59
106.46,0.964,62.25,61.41,202.32,110.42,19.3,84.7,219.45
155.6,12.7,11.77,105.78,240.6,62.91,28.3,73.4,289.71
106.43,19.033,53.63,146.65,280.16,111.42,25.0,95.1,374.88
171.18,12.072,18.43,33.32,10.94,160.17,30.7,46.8,206.74
112.62,16.402,121.62,108.72,50.37,377.76,32.6,69.6,377.8
114.38,17.696,142.26,95.94,266.42,248.05,15.3,51.8,445.33
175.95,4.639,12.7,34.49,140.26,335.64,37.8,66.8,258.68
83.68,4.32,143.36,116.08,171.55,287.04,36.4,50.5,339.7
31.13,12.259,79.34,56.52,200.59,53.88,26.0,27.0,243.61
10.61,8.279,46.34,92.93,205.32,297.01,16.6,55.7,281.43
152.25,16.813,13.38,23.99,279.86,117.29,37.6,57.6,293.87
125.96,18.01,76.09,88.13,299.1,259.25,43.7,83.0,408.19
142.3,7.133,119.59,62.1,217.45,142.98,22.2,76.2,326.69
46.53,4.814,106.65,149.8,89.73,399.09,24.7,69.7,325.52
31.59,15.632,9.43,19.69,264.53,112.79,20.5,20.2,239.54
7.84,5.569,12.79,81.16,19.52,118.86,32.3,74.9,126.77
73.36,16.47,61.63,87.93,73.17,372.96,19.6,55.0,330.38
120.03,8.532,45.7,133.25,269.73,19.61,25.7,90.5,286.83
81.49,13.384,36.39,107.63,80.58,281.71,35.9,92.8,276.37
90.31,2.001,43.59,123.43,70.09,292.88,31.8,15.0,240.79
181.31,12.515,120.92,142.1,45.75,336.19,26.6,83.9,393.42
72.91,9.09,139.53,156.57,258.44,390.03,27.6,13.4,442.1
105.23,11.774,61.96,63.36,152.52,390.48,31.9,43.0,326.25
157.81,3.443,136.1,101.46,204.09,35.46,15.2,58.8,307.89
82.33,14.764,49.58,152.82,75.52,330.52,17.4,23.3,334.81
126.31,17.27,72.51,178.21,228.62,262.06,41.4,77.2,415.01
173.16,4.413,35.45,161.22,229.2,262.46,17.3,10.8,359.35
190.16,2.005,96.79,73.15,97.22,60.06,36.2,25.2,241.23
33.68,0.57,146.89,43.18,126.15,263.57,42.6,62.3,241.59
185.68,12.875,91.32,93.2,66.86,393.17,23.1,74.3,369.36
100.96,12.181,54.96,136.08,293.09,365.61,26.1,92.5,402.26
55.36,10.979,97.88,93.74,195.45,181.26,32.1,73.5,303.24
94.53,4.716,20.19,92.14,280.69,25.58,41.5,70.5,222.82
196.11,7.879,133.52,152.5,94.5,151.29,43.3,45.5,355.39
101.06,11.93,76.46,71.44,235.66,332.29,37.2,10.1,359.2
69.11,9.986,68.5,156.17,230.93,283.58,17.6,20.8,361.29
128.51,19.757,88.71,79.16,209.04,189.14,35.1,58.1,365.9
51.83,2.815,94.47,65.8,289.86,31.49,27.3,70.8,248.15
19.79,13.933,12.62,87.18,121.1,176.49,29.1,47.6,221.88
30.13,8.146,103.03,139.62,43.56,192.92,16.5,75.8,261.77
29.97,8.621,37.81,31.42,203.15,372.14,20.7,57.0,272.13
34.62,14.38,107.66,43.39,220.15,260.02,38.7,16.7,338.24
32.07,13.879,123.74,171.75,174.64,131.54,28.6,27.3,344.83
129.97,19.826,120.99,39.83,66.01,214.87,24.0,85.6,334.78
40.47,2.655,83.77,106.51,153.81,35.76,26.5,75.2,201.78
72.41,2.172,78.99,108.48,97.1,389.3,40.6,90.5,274.59
179.87,14.514,23.15,93.24,131.1,150.42,37.5,20.6,297.47
97.42,11.61,116.75,119.61,195.34,196.37,23.2,99.1,348.48
135.17,5.556,42.17,49.07,224.84,148.56,18.5,28.8,262.87
38.6,1.68,75.51,103.95,73.51,276.18,22.6,11.1,227.66
42.5,1.805,44.07,73.27,124.57,268.27,42.6,99.8,204.11
12.97,17.894,21.81,122.48,84.4,288.98,32.4,35.3,281.01
37.94,3.918,95.17,34.01,63.6,114.58,31.0,70.1,171.08
59.33,6.535,10.04,107.05,236.1,133.11,32.9,25.9,238.75
39.52,4.61,112.8,41.5,273.23,58.85,26.0,62.2,245.2
22.3,7.164,49.0,57.37,114.22,265.65,39.2,91.4,212.85
28.52,1.482,2.02,47.18,226.63,25.52,30.7,38.8,132.3
94.85,10.429,77.65,41.08,269.61,243.1,18.5,70.3,321.75
45.24,1.445,8.93,150.37,254.61,349.18,18.9,26.9,291.58
76.03,16.027,42.87,58.57,58.93,357.42,31.1,66.2,281.34
103.17,4.751,106.63,167.61,287.11,185.12,43.1,40.3,357.34
139.63,10.846,11.28,174.89,116.12,189.13,24.3,29.0,312.25
12.67,17.614,126.22,107.11,105.08,40.02,41.1,38.2,275.56
160.89,13.052,2.57,34.31,23.42,271.6,37.9,26.1,241.18
127.44,10.706,38.53,73.67,148.42,330.29,22.4,91.2,312.28
20.94,6.554,111.65,145.61,37.16,105.42,16.1,45.7,232.74
175.35,6.727,48.81,72.46,78.32,174.31,18.1,32.1,254.52
184.57,13.423,17.08,24.79,98.5,337.15,36.9,50.4,302.11
16.91,19.883,55.31,104.65,243.6,352.08,21.0,38.8,383.7
58.99,13.271,42.02,153.67,263.27,104.84,26.1,77.0,316.47
162.21,11.2,126.72,145.31,94.23,224.72,30.1,97.4,369.29
150.91,14.64,48.38,39.77,258.32,85.07,36.8,49.4,298.85
40.98,9.358,118.76,124.37,257.88,49.73,18.4,87.5,310.51
45.82,1.297,134.0,47.49,230.57,365.34,27.2,60.9,308.24
77.24,11.29,66.2,47.1,48.28,330.0,29.6,24.2,256.74
99.48,19.157,136.67,158.59,208.65,306.41,31.2,72.2,450.2
125.56,3.589,57.84,52.44,283.78,29.02,39.6,56.2,240.74
76.94,13.831,144.68,54.75,206.35,339.05,20.2,68.6,379.44
95.19,4.099,15.21,10.11,102.83,180.84,39.2,90.1,156.86
150.76,10.763,103.68,158.01,152.67,143.53,35.8,49.6,351.02
12.15,2.024,75.08,144.74,195.49,223.13,31.7,91.1,257.62
54.23,9.062,59.37,116.65,155.62,45.63,36.0,77.6,235.27
144.1,15.148,95.64,137.55,40.39,305.09,27.4,54.0,365.52
179.57,7.017,106.17,35.85,97.06,237.15,19.2,64.3,297.96
104.78,13.332,2.65,87.92,241.71,82.77,35.0,39.3,270.12
108.76,15.929,26.71,69.71,259.12,83.41,30.7,98.5,290.58
25.9,18.551,107.53,25.94,45.5,81.86,34.2,70.1,231.73
92.25,4.769,100.63,92.64,285.95,32.23,25.1,13.9,288.27
108.86,8.046,144.98,166.53,102.0,239.24,42.2,39.4,358.55
52.28,3.133,114.63,16.81,200.38,337.74,32.6,66.1,271.04
57.5,19.85,142.71,59.55,226.79,16.82,17.6,15.1,337.89
78.57,18.547,105.98,45.28,244.52,29.11,28.5,12.1,321.28
8.91,10.845,46.11,50.48,284.0,233.38,37.7,50.5,277.59
67.81,16.856,17.59,164.43,97.31,329.6,38.8,39.9,332.5
46.23,10.467,117.71,89.57,258.26,137.43,29.8,49.4,313.35
68.86,12.509,97.33,89.27,43.85,146.35,41.8,33.6,259.95
28.35,1.874,9.13,139.3,212.99,242.58,23.0,24.8,235.68
178.65,15.13,55.29,36.26,223.88,116.94,27.3,72.0,318.93
120.75,2.641,143.61,92.84,204.93,20.38,42.0,56.3,277.0
137.42,16.539,76.06,83.1,79.43,296.74,41.9,28.0,340.75
158.89,15.662,66.04,111.47,262.55,254.0,35.6,38.8,396.46
102.2,14.204,69.74,179.92,54.81,236.49,40.8,63.3,334.3
21.95,0.82,32.91,140.81,20.82,299.26,17.7,16.5,197.56
109.74,6.132,56.57,77.64,216.65,273.34,40.9,23.3,297.48
119.43,5.336,56.73,150.68,145.27,90.29,24.6,16.6,269.38
150.36,7.267,9.75,39.02,255.48,147.47,20.3,83.1,249.52
89.17,1.844,115.6,15.18,118.1,59.18,22.2,77.7,190.58
29.88,18.745,63.64,44.76,54.64,60.64,27.5,77.8,216.98
60.34,11.121,123.68,67.87,251.75,273.72,22.5,74.5,365.05
75.8,6.18,127.85,96.8,166.93,344.85,24.6,70.2,342.81
130.95,8.0,33.38,114.57,60.81,385.47,19.0,52.9,307.19
116.3,8.999,99.29,164.8,217.51,255.06,23.9,67.8,385.36
74.44,12.052,71.9,96.68,155.78,81.8,32.2,13.5,271.84
197.37,10.362,132.26,95.22,183.27,51.2,28.3,65.9,345.82
123.13,18.396,33.93,18.54,140.97,327.01,25.4,80.0,311.82
51.26,9.99,102.32,15.93,249.47,235.72,37.4,55.0,294.49
24.85,19.844,91.95,103.7,249.72,251.13,41.8,42.2,369.45
34.81,17.043,45.7,84.49,214.27,314.77,37.7,35.0,329.27
52.96,4.249,22.22,152.66,36.09,284.28,25.0,67.9,226.27
36.33,18.619,98.44,37.32,252.46,335.44,37.3,72.4,365.06
41.38,2.416,111.31,14.25,202.95,31.92,19.6,88.4,187.01
60.59,16.367,48.71,86.34,210.62,301.53,18.9,40.8,340.7
38.81,7.674,97.44,50.37,112.08,341.83,25.4,79.3,279.69
179.87,17.572,60.48,18.43,264.39,121.59,39.2,60.5,338.89
20.65,17.374,107.55,133.18,218.98,259.77,22.4,89.5,381.2
107.28,16.138,31.48,28.97,38.21,132.52,16.9,57.5,219.13
85.03,15.822,133.75,113.41,125.29,383.61,19.0,56.6,406.79
196.56,6.163,44.54,57.78,266.48,23.04,40.8,62.0,273.24
26.85,1.71,56.43,39.49,18.92,236.12,34.0,77.4,152.26
82.58,8.119,10.6,74.56,288.62,74.94,22.6,96.8,233.83
194.05,3.553,18.5,146.25,205.35,287.77,31.7,16.6,331.21
173.77,13.93,78.35,76.66,191.26,78.6,30.8,14.8,331.25
164.33,6.987,41.6,137.63,84.81,101.8,34.7,94.4,254.83
55.29,19.515,125.65,31.33,78.39,202.8,22.0,57.7,300.85
38.32,12.855,4.17,141.37,282.91,366.79,40.9,65.3,339.35
135.39,16.467,58.11,50.28,92.99,92.57,24.3,53.4,263.69
186.23,2.737,51.93,125.16,233.77,66.25,35.8,18.4,286.42
113.57,17.254,4.86,106.18,120.97,306.0,15.5,79.1,326.83
116.46,18.463,20.41,167.95,46.08,205.24,26.2,77.3,312.69
59.6,9.793,63.22,75.84,8.16,365.6,25.6,38.1,257.78
155.05,12.164,74.94,21.25,165.56,67.18,31.3,37.6,268.03
41.47,15.32,61.83,13.26,292.85,261.91,17.2,85.4,316.82
68.12,3.579,80.58,150.57,113.9,100.82,38.7,16.5,249.33
87.96,10.101,90.08,99.21,110.37,71.14,21.5,89.3,260.83
103.98,8.033,3.47,141.79,106.51,276.54,35.3,33.1,268.59
52.27,3.013,70.69,49.85,158.56,241.54,39.1,63.4,223.62
27.39,7.414,144.6,68.66,135.0,304.38,31.9,94.2,302.31
124.07,1.457,78.82,15.12,264.57,130.69,37.2,71.0,240.06
61.28,0.614,102.28,173.45,154.13,184.71,34.9,47.3,285.42
118.34,2.79,48.16,123.54,154.79,168.13,25.7,72.1,259.58
35.1,19.266,116.55,168.64,45.82,393.79,39.3,41.0,392.78
98.82,11.036,116.39,55.13,294.91,123.98,23.8,35.0,332.42
108.85,19.32,79.15,113.95,78.74,124.98,32.1,99.7,313.08
15.11,8.707,146.45,125.34,26.64,148.27,37.4,77.6,253.82
70.64,6.305,20.58,63.98,200.63,230.19,26.4,68.0,242.46
31.21,10.172,4.51,154.18,180.63,108.41,24.1,42.0,246.96
17.36,8.846,115.98,171.02,127.47,366.96,28.8,14.4,364.08
198.04,2.203,121.46,160.43,129.55,113.62,39.5,12.8,337.21
67.86,12.852,19.79,135.64,236.59,359.37,42.9,59.9,351.53
162.93,4.399,41.31,57.17,62.74,50.36,31.4,78.6,190.24
54.65,12.43,4.6,57.87,246.97,266.06,34.8,58.4,274.29
137.89,13.039,45.41,173.77,196.38,363.72,42.1,85.7,396.83
153.24,3.125,116.42,11.75,128.6,75.81,18.0,13.0,241.12
121.15,1.321,78.66,131.73,140.12,387.65,22.0,43.0,332.03
96.96,15.637,53.52,130.06,80.71,186.62,36.3,31.3,299.16
85.31,9.25,57.02,115.86,226.87,378.83,39.7,50.3,354.05
73.03,1.257,2.2,178.32,156.3,273.96,40.7,16.5,257.48
186.26,19.898,46.37,63.02,99.65,127.62,27.5,95.9,305.54
166.97,1.25,97.68,67.8,180.83,83.44,17.7,30.1,273.16
193.18,13.931,146.18,23.42,298.74,128.46,28.1,93.0,391.47
29.24,19.675,127.37,85.28,133.4,46.28,21.9,48.3,309.91
147.52,4.86,5.49,54.38,276.6,66.11,23.7,98.7,225.84
187.98,2.931,134.99,68.38,106.78,50.82,38.2,59.9,263.89
40.34,2.516,117.91,151.88,21.15,174.95,17.3,93.8,239.79
17.97,6.135,117.5,169.03,65.25,320.28,39.8,10.5,313.17
149.52,2.111,69.78,41.57,128.52,65.14,27.8,77.3,205.98
117.02,13.874,60.9,73.33,69.79,60.82,32.9,91.3,237.47
169.16,1.34,46.83,167.87,5.07,260.94,17.7,22.6,269.64
32.26,10.238,11.72,20.51,274.93,86.9,25.1,18.7,205.72
160.08,19.934,35.78,25.7,253.94,48.07,17.7,48.2,313.82
44.32,16.298,38.5,37.67,223.98,75.07,43.8,94.0,231.83
36.91,12.343,73.64,111.19,54.51,370.26,39.2,58.8,293.37
37.03,6.194,112.62,35.58,40.51,330.37,28.8,57.5,242.33
163.84,12.516,72.12,174.57,24.94,148.09,21.7,22.7,320.11
134.71,10.588,10.56,85.94,218.59,265.77,43.0,10.1,314.02
107.0,8.579,143.75,95.26,279.0,219.54,25.3,82.9,386.01
74.97,2.701,141.52,51.93,132.01,274.08,19.8,17.9,282.01
176.05,17.743,118.21,90.06,40.15,276.24,31.9,67.0,367.36
81.53,9.051,148.72,122.53,156.16,255.21,43.3,92.3,341.49
164.24,3.973,82.58,137.7,107.91,113.78,15.1,28.8,287.13
90.63,7.418,144.49,138.16,115.57,25.21,22.1,69.9,292.77
78.5,8.341,13.19,108.24,188.29,187.67,43.2,17.1,253.69
95.22,16.568,56.12,163.74,217.02,357.48,20.1,64.3,414.88
63.77,14.699,35.36,148.96,37.63,232.1,18.4,24.8,277.51
150.78,15.409,30.98,138.7,15.5,334.63,32.1,76.2,327.28
103.03,0.32,22.84,19.45,298.33,396.73,40.9,37.1,272.59
50.28,8.381,94.12,11.17,73.65,73.81,29.3,51.7,180.38
180.42,9.679,117.64,46.12,20.88,279.79,44.8,63.9,300.37
79.86,0.482,87.59,122.8,61.01,272.97,35.4,25.4,245.98
110.99,5.27,23.75,79.9,16.49,392.18,17.2,76.7,237.92
181.76,15.23,122.05,78.41,120.58,394.38,44.8,37.2,416.38
126.73,2.828,96.12,160.38,241.71,277.8,27.2,69.6,367.8
27.8,10.753,59.45,162.25,105.67,105.01,23.6,24.2,264.02
188.27,4.383,101.77,164.56,136.03,321.44,31.7,71.9,380.49
127.4,0.341,40.47,63.36,204.3,51.74,24.1,21.5,208.19
70.31,4.9,53.09,127.48,155.12,314.47,17.6,48.3,288.44
32.16,19.52,137.79,56.18,259.13,364.98,15.0,32.2,418.53
159.83,16.051,44.99,42.4,260.48,159.31,28.5,77.4,330.47
125.91,19.196,71.56,41.39,7.92,255.95,40.1,33.6,296.58
109.02,9.808,133.74,68.16,234.52,177.76,32.2,89.4,342.82
179.31,2.284,106.74,83.09,140.92,180.73,45.0,90.3,293.66
158.78,11.004,11.21,151.26,296.71,131.04,23.6,27.7,352.23
34.58,9.142,23.8,30.38,147.55,307.23,23.4,65.2,224.01
65.79,16.903,3.16,134.94,296.13,375.11,19.8,17.9,390.94
53.46,2.052,95.38,100.35,227.6,376.89,19.9,45.2,327.2
150.07,9.816,68.26,58.95,78.34,78.16,23.6,74.2,235.36
11.54,3.086,21.87,93.78,163.83,351.15,38.8,69.3,226.79
116.13,6.561,143.77,60.99,297.68,297.6,42.2,66.2,378.66
153.68,14.773,80.39,111.33,257.97,108.61,44.3,35.4,370.07
175.97,9.573,37.8,83.75,33.72,36.24,22.0,44.0,211.93
71.71,7.58,76.09,37.95,213.38,114.52,41.4,19.3,248.16
165.15,7.95,102.58,29.82,106.95,365.76,24.8,74.7,320.19
26.57,9.243,13.28,102.94,7.06,256.94,18.4,55.3,191.49
170.06,15.722,42.66,163.41,124.03,291.21,41.1,73.8,380.62
29.86,17.852,121.43,68.47,74.25,110.29,34.1,32.4,277.47
82.47,19.111,70.03,134.61,246.57,290.56,19.9,39.2,415.29
160.47,15.759,82.89,121.97,104.51,20.97,27.9,40.1,313.42
34.23,6.377,66.06,168.36,249.12,156.38,23.6,12.3,317.89
49.7,13.794,8.5,149.57,5.18,254.43,37.1,40.7,245.91
145.84,8.808,26.53,106.32,95.81,66.98,28.6,82.3,229.84
145.41,5.168,67.94,121.7,76.14,330.97,44.7,90.8,300.25
130.02,16.833,32.96,162.73,73.9,101.66,16.6,56.6,309.13
140.32,0.865,9.4,77.92,25.12,264.39,25.7,51.0,190.31
110.83,18.045,126.86,65.56,60.2,168.03,29.5,12.8,321.82
54.1,9.283,147.22,11.84,168.89,242.46,30.1,89.1,288.62
72.41,12.78,119.39,150.51,90.95,51.91,24.5,11.2,294.53
40.41,13.221,128.36,146.17,128.13,16.6,36.9,95.0,286.86
182.15,17.913,37.81,27.76,116.18,364.73,41.2,54.0,331.2
118.76,12.77,144.17,108.07,263.39,115.16,43.2,40.8,380.79
83.17,12.317,31.15,88.88,272.06,329.67,39.2,93.2,339.33
95.09,1.426,142.81,30.18,150.42,399.75,40.5,12.2,309.55
189.72,10.416,149.23,176.7,102.4,92.46,31.5,62.3,384.98
34.9,3.088,107.33,46.5,36.51,113.42,39.8,59.4,160.79
119.31,14.775,147.21,21.43,286.25,268.52,24.1,29.7,407.62
103.65,10.293,86.29,111.12,22.77,386.52,27.0,48.6,322.2
124.23,13.637,40.41,135.61,92.81,367.17,24.5,68.7,338.84
8.53,0.929,66.68,15.52,92.93,206.12,29.0,75.4,158.78
175.06,1.787,89.85,121.98,99.52,320.09,23.6,10.1,328.09
186.76,14.355,12.82,100.49,53.46,62.94,43.8,94.3,238.86
115.2,1.534,94.11,27.56,236.03,391.2,24.4,24.8,313.5
140.85,1.518,147.21,39.33,41.14,386.1,17.9,31.0,303.24
184.89,0.341,30.14,106.56,192.3,73.85,30.8,33.7,244.28
142.91,19.134,119.3,60.38,41.53,126.78,16.7,13.4,324.01
34.75,14.776,136.37,169.51,25.81,49.06,18.3,21.1,294.81
117.38,7.13,141.67,149.19,273.28,115.97,21.6,98.8,378.24
123.31,6.001,144.1,177.21,61.09,328.22,28.9,38.4,372.45
87.71,7.059,79.18,54.14,247.27,157.54,28.0,20.4,276.09
148.61,15.516,146.64,174.85,165.67,44.47,39.0,19.6,394.36
187.2,13.261,114.08,83.31,27.97,143.47,37.2,74.8,298.1
185.49,3.785,25.93,69.08,286.86,392.74,27.8,86.9,349.22
92.91,3.565,72.58,18.56,77.85,255.58,25.0,33.1,210.46
27.08,2.058,108.31,18.97,258.6,172.3,24.5,11.9,244.32
197.04,13.24,38.61,127.64,54.8,74.95,38.2,30.1,287.77
168.59,15.311,96.81,87.85,256.91,394.61,16.6,15.1,449.68
29.31,5.374,100.66,48.51,8.9,330.13,15.4,19.3,233.93
184.56,0.517,26.08,114.37,155.98,119.78,38.9,48.8,240.33
174.63,1.735,85.63,52.99,231.99,37.33,29.3,30.7,267.29
106.17,19.36,116.2,108.2,280.76,32.08,18.9,56.4,380.97
120.3,5.979,75.84,71.07,273.21,56.95,22.1,32.8,279.25
82.81,15.408,3.79,150.0,246.79,236.5,43.0,94.6,334.26
15.68,12.531,3.34,149.52,267.02,372.22,40.8,91.5,328.6
70.36,7.701,54.84,91.15,63.77,203.73,36.3,61.0,223.3
161.56,4.193,139.08,69.64,88.83,338.75,29.5,41.9,333.39
5.9,2.516,35.84,71.64,90.25,183.9,30.6,44.3,159.51
70.03,12.339,95.89,146.97,116.23,286.35,44.3,47.1,345.51
82.64,15.515,34.87,65.79,121.03,295.43,44.0,75.5,275.94
109.79,12.914,49.61,45.54,165.64,77.85,21.5,50.6,251.63
184.37,10.653,127.51,24.4,52.16,150.87,39.3,87.1,282.77
72.54,0.935,109.87,89.34,208.92,258.55,20.9,95.0,291.82
72.66,19.373,16.12,91.96,54.43,37.57,21.4,40.2,229.82
148.81,15.994,65.45,152.95,96.54,151.0,35.3,60.5,336.17
93.18,5.927,6.32,47.61,153.49,218.57,27.2,18.6,215.36
48.8,19.601,73.17,74.77,239.95,398.53,42.9,28.0,391.34
93.23,12.077,100.04,147.43,223.14,195.07,17.7,47.2,373.4
32.47,11.69,19.54,150.02,195.43,328.26,30.3,28.6,316.89
39.4,14.987,44.75,75.38,50.95,178.51,42.6,88.9,222.6
102.18,16.254,60.88,88.05,166.38,320.59,42.1,24.2,347.46
86.69,13.164,138.09,61.56,30.8,242.21,19.7,51.0,300.73
183.39,2.649,149.0,168.53,116.32,355.77,26.0,64.5,402.53
75.67,6.832,8.65,30.17,126.99,170.27,33.6,72.3,183.06
118.21,18.569,114.63,168.74,16.74,245.68,19.8,44.5,366.18
128.29,4.57,57.02,126.26,85.83,255.71,44.0,88.2,270.7
7.55,7.506,60.08,100.37,286.92,172.78,42.4,61.1,272.14
134.39,8.698,113.63,15.55,286.32,66.28,20.0,49.6,296.94
39.72,8.844,137.93,90.85,108.94,46.49,18.6,16.1,258.77
192.41,12.297,142.74,79.32,17.71,16.5,17.6,51.8,296.41
33.99,18.867,87.41,37.41,57.83,350.68,42.3,83.9,293.65
85.85,4.89,54.85,121.59,120.7,102.23,20.8,65.3,222.02
21.64,2.518,118.56,175.1,284.6,92.49,27.5,84.9,314.05
199.39,4.03,39.15,105.57,46.65,297.05,28.5,54.5,277.39
102.93,17.75,85.48,131.51,230.24,134.81,33.0,20.7,375.94
121.1,12.952,55.07,21.64,37.06,207.36,17.2,11.2,245.76
18.08,5.79,99.18,81.0,294.47,73.38,21.8,37.3,265.97
151.24,16.337,37.58,29.78,117.58,384.3,42.9,72.8,324.41
45.93,17.241,30.36,114.18,233.69,342.12,42.3,81.1,346.08
180.12,16.946,137.9,169.54,106.06,346.88,38.4,36.6,453.07
45.0,18.387,17.07,122.5,190.16,168.64,15.6,54.6,307.16
42.18,5.12,76.88,23.06,61.64,307.32,24.8,47.9,208.97
12.13,15.125,34.69,70.29,48.08,66.11,33.8,46.9,175.68
97.05,9.265,7.76,103.61,281.73,13.36,23.3,30.8,253.21
115.14,16.856,7.33,78.55,275.71,17.79,42.3,22.3,282.22
17.81,14.597,27.93,151.72,266.8,238.77,34.0,27.7,333.02
156.23,15.551,130.28,148.49,189.5,187.6,17.2,15.0,428.55
93.39,13.158,43.81,114.01,243.44,212.03,42.3,27.8,326.0
107.26,3.631,142.67,73.49,25.37,12.91,43.7,10.8,206.83
90.95,10.946,88.08,53.41,103.76,174.85,17.3,66.5,264.8
83.15,19.695,66.62,28.0,97.54,290.05,31.0,38.5,312.19
114.13,18.754,87.85,70.33,192.52,182.65,24.1,97.6,347.98
35.27,0.959,78.47,80.24,110.01,295.57,26.8,27.4,236.88
40.48,3.38,114.3,124.89,48.81,100.88,20.4,41.1,223.38
173.05,2.721,43.81,121.89,180.96,327.13,32.3,42.2,324.22
189.49,14.547,54.25,21.92,245.24,239.49,43.7,10.8,346.54
77.8,16.374,134.33,77.19,117.73,92.2,30.1,85.5,304.87
57.8,4.349,142.08,40.9,44.02,102.32,17.5,12.9,215.62
130.58,10.166,134.1,36.66,63.02,254.93,33.6,94.6,301.96
84.7,16.83,64.08,150.64,75.06,333.68,25.2,90.3,352.26
9.95,14.683,117.49,17.13,93.47,172.09,40.7,58.2,244.1
35.45,10.891,72.5,81.26,194.62,110.74,28.0,58.9,253.64
144.61,11.848,75.64,38.59,182.28,348.13,20.8,68.8,343.38
133.49,10.216,32.29,159.49,210.34,271.01,20.7,44.8,355.22
10.28,6.021,89.49,104.7,111.94,184.75,38.1,68.3,232.9
48.28,11.344,29.55,49.33,248.08,200.28,23.0,14.0,267.23
50.06,13.809,51.07,95.41,65.21,89.66,38.0,14.9,227.44
136.02,17.479,128.54,134.35,143.37,254.45,21.2,51.2,412.07
8.84,12.762,32.65,172.88,241.28,149.91,24.7,59.5,303.23
25.3,15.246,12.53,47.48,58.15,398.3,29.0,89.9,246.39
160.98,3.285,12.21,160.65,37.41,197.27,43.3,19.4,233.61
39.82,9.285,141.24,168.83,265.69,199.5,43.0,84.0,384.9
132.29,0.286,77.02,165.79,106.16,230.68,21.2,28.9,294.55
51.45,5.009,62.59,118.02,206.74,367.53,25.7,45.5,309.19
24.39,14.557,122.01,117.07,12.48,322.32,19.5,38.5,317.76
52.42,19.837,125.7,78.55,208.56,185.94,30.3,46.0,365.3
145.84,2.074,51.16,137.91,98.25,290.29,28.8,23.5,290.11
171.86,8.09,104.66,100.32,21.44,238.63,42.0,55.3,303.87
166.89,16.021,116.13,125.16,184.89,202.02,42.9,82.1,402.42
82.45,4.16,98.89,82.84,76.04,85.0,26.5,49.7,217.37
135.28,11.146,24.44,134.35,119.11,190.94,29.8,54.2,293.43
44.97,14.688,131.63,150.16,28.77,105.87,41.9,86.4,287.56
62.16,12.358,81.79,34.89,48.41,366.79,39.2,73.5,275.77
179.79,3.842,43.81,151.6,92.9,140.81,15.1,54.1,272.11
7.54,7.172,64.93,101.85,31.48,381.38,24.6,33.2,250.38
21.67,15.697,7.56,153.59,273.69,217.89,27.7,89.6,321.8
45.54,11.129,20.92,83.32,6.78,256.3,21.9,61.9,210.45
10.17,0.204,115.3,74.44,147.74,221.75,21.0,29.9,230.86
40.38,15.244,2.0,165.56,41.36,60.46,16.1,34.2,215.22
118.69,0.803,63.65,52.7,95.77,156.57,34.3,82.3,196.63
87.18,14.94,79.33,153.52,278.19,48.67,22.9,14.0,359.36
179.07,4.129,10.09,92.28,52.7,252.95,16.6,99.3,244.0
164.4,19.166,146.02,97.4,289.92,184.28,21.9,21.7,457.45
71.65,7.422,35.47,62.44,65.71,313.41,39.1,81.6,229.03
55.59,6.606,47.02,107.42,223.76,95.98,40.5,45.5,254.29
79.04,3.063,46.98,65.29,166.27,74.18,29.5,54.3,192.45
120.11,6.182,36.1,16.68,265.92,168.47,27.5,89.3,244.36
57.27,17.545,2.22,56.24,168.43,371.37,44.3,47.2,293.97
126.71,19.927,109.94,11.08,162.69,287.06,21.0,58.4,364.89
84.84,7.429,145.09,176.32,62.66,173.38,21.5,14.4,334.22
112.65,9.027,35.2,174.18,54.04,211.74,23.8,10.2,285.79
90.04,14.469,100.13,77.18,275.36,42.84,20.2,32.0,334.82
62.42,17.735,111.8,133.82,101.71,393.98,26.4,71.3,388.48
189.95,11.902,127.57,68.79,114.76,269.9,42.3,20.9,360.36
153.9,7.891,64.55,124.09,229.15,121.31,33.5,20.2,328.92
32.32,8.311,46.83,146.92,104.95,238.47,27.4,47.0,254.42
174.35,13.943,50.14,170.95,285.86,52.7,43.0,68.3,370.66
100.05,0.164,107.47,78.04,222.69,386.68,16.5,74.1,344.16
179.44,12.43,122.88,143.16,181.24,78.17,21.3,26.1,380.49
160.97,7.174,28.88,55.21,264.86,262.73,32.0,17.2,310.7
87.92,15.905,56.9,178.36,19.63,105.73,33.5,94.6,278.02
9.38,1.951,135.49,14.38,80.83,289.85,16.2,33.5,220.99
57.39,11.805,121.39,112.6,142.19,312.96,27.1,86.8,348.67
110.62,9.671,147.76,122.12,71.96,272.63,34.5,87.7,347.38
128.53,12.882,113.63,126.97,224.45,249.65,35.9,79.5,390.62
55.29,1.391,60.19,30.47,276.17,358.06,34.1,25.2,282.28
32.17,11.642,89.41,169.55,130.01,40.66,24.6,84.0,275.15
167.81,11.274,99.83,40.8,105.93,139.06,17.8,79.2,293.21
196.96,11.257,13.61,115.87,288.66,106.83,27.8,63.7,334.57
107.51,12.109,82.59,47.85,136.23,395.33,18.9,40.3,344.94
38.48,13.562,106.98,62.23,149.27,161.86,43.4,33.6,278.19
58.1,16.119,26.76,102.9,108.74,295.72,29.3,21.0,297.4
8.59,5.469,117.53,80.92,273.32,277.04,24.5,55.9,312.72
183.29,16.518,88.4,37.24,172.84,92.71,38.0,62.7,315.7
27.96,10.015,142.93,39.06,229.84,103.21,29.9,42.3,286.56
117.42,1.633,8.28,81.08,244.48,119.7,24.3,52.8,224.07
58.44,1.265,41.27,138.74,105.85,170.34,39.4,42.7,207.89
113.06,6.751,91.03,162.65,132.94,101.39,41.0,67.7,290.73
132.03,15.719,45.89,24.3,255.3,17.66,35.2,91.1,270.91
166.8,14.183,107.73,76.83,112.16,352.96,16.4,24.8,386.33
45.25,15.793,114.33,27.04,239.21,386.59,32.0,44.3,368.61
7.14,10.394,17.17,12.82,282.59,143.21,37.9,22.7,212.24
31.69,8.86,78.05,122.49,188.85,142.02,19.1,66.2,270.33
180.5,3.034,77.32,112.42,223.78,12.77,21.9,75.6,276.95
175.41,6.631,56.65,37.71,242.5,275.3,41.5,93.9,313.28
121.5,8.737,140.07,49.75,254.29,331.92,15.6,35.1,387.81
122.1,1.863,124.47,14.03,121.54,67.18,37.6,95.5,209.45
134.68,4.49,105.19,151.94,20.12,72.27,29.2,15.7,262.62
39.2,12.005,107.72,175.7,123.55,318.13,28.4,64.3,364.23
183.31,14.74,70.33,33.03,203.76,250.35,15.2,15.1,366.76
86.66,19.967,138.31,49.35,137.85,27.5,39.6,90.4,302.31
79.71,18.669,104.8,157.63,225.94,252.79,25.8,57.7,422.61
106.19,12.887,109.89,167.5,110.31,130.48,31.2,70.2,335.74
14.16,8.483,129.53,81.34,192.25,153.8,35.3,84.8,287.04
37.43,12.76,42.56,18.61,59.99,310.2,36.1,23.5,231.4
148.92,15.734,121.45,16.7,226.06,326.26,43.7,13.5,391.03
21.15,2.455,30.9,107.57,165.98,166.14,30.9,89.1,198.38
122.61,8.257,53.11,76.79,65.2,379.39,27.0,38.3,298.15
52.84,16.812,51.67,14.87,91.11,168.52,43.6,21.6,226.02
80.91,7.738,146.82,109.15,225.84,311.02,34.3,52.2,377.5
61.3,11.48,128.77,11.92,147.37,198.71,23.9,63.8,282.33
74.36,11.797,105.77,143.85,68.73,360.04,18.8,12.8,358.69
145.21,3.771,109.6,62.09,290.35,364.03,40.3,34.7,375.52
62.94,7.308,85.19,16.84,215.96,44.09,25.9,13.0,219.17
115.45,6.757,142.17,110.02,287.35,375.23,34.8,47.8,417.1
97.83,0.621,75.45,77.61,131.0,331.96,29.1,90.6,263.67
134.42,0.581,58.32,175.55,145.15,318.61,21.0,98.4,322.95
187.68,16.651,26.13,102.51,269.9,88.36,33.1,67.3,347.43
147.85,5.534,118.36,56.79,159.89,324.0,16.8,24.5,348.64
46.91,10.41,110.7,130.6,213.65,341.55,27.4,91.5,366.59
11.08,6.045,58.88,56.15,79.39,122.77,31.4,56.5,161.54
56.14,18.82,5.73,163.72,136.78,381.38,28.1,23.8,356.86
121.04,5.26,126.17,73.7,41.42,29.45,37.5,93.0,216.48
15.03,8.65,3.69,103.48,65.76,68.46,39.8,78.2,149.59
101.79,17.467,106.15,18.6,5.28,219.66,38.1,75.9,263.68
121.38,16.854,145.6,82.44,16.58,234.56,16.2,73.8,348.92
70.18,3.803,66.77,151.5,293.3,261.61,20.8,28.0,352.04
155.33,16.073,36.78,146.96,76.49,16.62,31.1,29.0,282.78
25.79,9.218,106.32,48.13,200.68,384.54,43.0,71.9,318.85
19.65,9.711,122.93,48.43,252.53,27.39,40.0,29.8,253.27
147.0,2.756,82.87,148.94,167.44,65.79,40.3,49.5,284.47
101.62,1.704,145.12,168.17,50.18,15.47,24.1,80.4,259.36
139.24,14.586,9.65,26.21,219.79,231.07,27.9,80.6,292.21
89.79,9.98,76.71,86.51,182.07,373.58,29.1,50.8,342.75
53.05,8.793,108.33,67.37,220.72,269.72,19.7,81.3,306.95
164.72,14.617,129.67,158.02,232.08,330.84,15.9,85.5,470.43
160.89,15.334,28.53,24.2,292.75,15.18,43.4,68.9,276.16
140.47,3.262,120.4,45.89,174.2,221.39,22.2,30.6,297.08
58.07,12.243,83.8,137.92,105.78,189.23,22.2,34.7,303.93
120.09,2.794,60.69,18.72,196.3,204.6,17.5,38.3,241.54
75.39,15.052,21.49,93.73,25.19,38.16,42.9,20.5,190.26
22.86,13.173,130.06,85.16,269.73,276.93,32.4,34.6,364.9
183.88,19.137,25.28,66.85,40.22,206.26,35.0,28.9,294.08
31.68,1.472,47.85,77.08,101.71,308.41,42.3,51.0,210.3
190.3,1.235,44.93,100.09,245.64,199.26,25.4,91.8,300.0
91.97,5.716,130.97,37.43,181.21,68.26,33.6,19.4,254.74
